{"time":{"29":[0.0277,0.0253,0.0249,0.025099999999999997,0.0255,0.0253,0.0247,0.0246,0.024999999999999998,0.024999999999999998,0.025099999999999997,0.0252,0.0247,0.0248,0.025099999999999997,0.0249,0.0377,0.0248,0.0252,0.0249,0.0254,0.025099999999999997,0.0248,0.025099999999999997,0.0254,0.0246,0.0248,0.0247,0.0255,0.0253,0.024499999999999997,0.0248,0.025099999999999997,0.0249,0.0249,0.0254,0.0252,0.0242,0.025699999999999997,0.0254,0.025099999999999997,0.0247,0.0254,0.025099999999999997,0.0252,0.0248,0.0247,0.0248,0.0253,0.0249],"58":[0.0774,0.0737,0.07379999999999999,0.0736,0.0731,0.10679999999999999,0.0827,0.0786,0.0794,0.096,0.07289999999999999,0.07479999999999999,0.0735,0.0715,0.0721,0.0862,0.087,0.1089,0.0868,0.0865,0.08929999999999999,0.0858,0.08789999999999999,0.0872,0.08979999999999999,0.08789999999999999,0.0895,0.1045,0.08499999999999999,0.0882,0.0882,0.0871,0.08839999999999999,0.1195,0.0916,0.0886,0.0905,0.102,0.0887,0.0899,0.0909,0.09129999999999999,0.09129999999999999,0.1752,0.0559,0.0528,0.0532,0.054,0.052899999999999996,0.053],"130":[0.0911,0.0851,0.0963,0.0861,0.08489999999999999,0.0858,0.0846,0.0841,0.0984,0.08549999999999999,0.08589999999999999,0.0847,0.08399999999999999,0.08449999999999999,0.0833,0.08549999999999999,0.0844,0.0846,0.0851,0.08549999999999999,0.0982,0.08549999999999999,0.0841,0.0847,0.08499999999999999,0.0843,0.0842,0.08399999999999999,0.0829,0.0837,0.0853,0.0958,0.0861,0.0842,0.0853,0.0843,0.0842,0.1002,0.08499999999999999,0.0847,0.0829,0.08539999999999999,0.0841,0.0933,0.08539999999999999,0.0838,0.0843,0.0848,0.0827,0.0834],"51":[0.043699999999999996,0.0418,0.04,0.040799999999999996,0.0422,0.0426,0.0423,0.0416,0.041999999999999996,0.0426,0.0417,0.0422,0.0419,0.042699999999999995,0.0404,0.0406,0.055099999999999996,0.0418,0.0423,0.0428,0.0418,0.0626,0.043199999999999995,0.041999999999999996,0.0426,0.0423,0.0423,0.0419,0.042699999999999995,0.043199999999999995,0.041499999999999995,0.0422,0.0421,0.0426,0.0416,0.040999999999999995,0.042699999999999995,0.0417,0.0569,0.041299999999999996,0.0419,0.0406,0.040799999999999996,0.0602,0.041499999999999995,0.0412,0.0411,0.040999999999999995,0.0422,0.041299999999999996],"42":[0.0392,0.0355,0.035699999999999996,0.036199999999999996,0.0363,0.036699999999999997,0.0356,0.036199999999999996,0.0355,0.048299999999999996,0.035699999999999996,0.0356,0.0361,0.0355,0.0363,0.0356,0.0351,0.0356,0.0353,0.036,0.0365,0.036699999999999997,0.035699999999999996,0.0358,0.0354,0.0354,0.0358,0.0358,0.0356,0.0354,0.0359,0.0358,0.0366,0.0356,0.0363,0.036199999999999996,0.0757,0.0368,0.0344,0.0351,0.0349,0.0342,0.034999999999999996,0.0351,0.0349,0.0351,0.0348,0.0347,0.0355,0.0353],"70":[0.0843,0.0812,0.10339999999999999,0.0773,0.0851,0.07919999999999999,0.0967,0.0824,0.0789,0.0828,0.0809,0.0882,0.0882,0.1139,0.0911,0.0881,0.0876,0.08929999999999999,0.089,0.08779999999999999,0.08929999999999999,0.08779999999999999,0.0906,0.089,0.1128,0.08739999999999999,0.0876,0.08779999999999999,0.10279999999999999,0.0885,0.0895,0.0886,0.08689999999999999,0.0882,0.088,0.1109,0.0906,0.0906,0.1025,0.09169999999999999,0.09069999999999999,0.0915,0.0905,0.0886,0.0896,0.1114,0.0905,0.0901,0.1021,0.093],"280":[0.2613,0.23529999999999998,0.2026,0.20299999999999999,0.2006,0.2148,0.2026,4.282,0.1959,0.1977,0.2201,0.20479999999999998,0.2042,0.19899999999999998,0.20099999999999998,0.2309,0.20709999999999998,0.20559999999999998,0.1986,0.2377,0.21289999999999998,0.19549999999999998,0.19619999999999999,0.1971,0.2117,0.19899999999999998,0.1988,0.19799999999999998,0.1964,0.21559999999999999,0.1968,0.1969,0.1968,0.1969,0.2127,0.1986,0.19549999999999998,0.19319999999999998,0.20929999999999999,0.2103,0.19649999999999998,0.1999,0.19749999999999998,0.1966,0.21459999999999999,0.19949999999999998,0.2001,0.19979999999999998,0.1996,0.22619999999999998],"100":[0.0824,0.0765,0.09029999999999999,0.0756,0.0745,0.0761,0.0749,0.0745,0.07769999999999999,0.0756,0.0756,0.0755,0.08739999999999999,0.0751,0.0752,0.21139999999999998,0.09319999999999999,0.0754,0.0846,0.0998,0.0747,0.07379999999999999,0.0737,0.071,0.07329999999999999,0.073,0.0969,0.07189999999999999,0.0722,0.0732,0.07379999999999999,0.0725,0.09609999999999999,0.07379999999999999,0.0721,0.0726,0.0732,0.0732,0.0744,0.075,0.0837,0.0723,0.0712,0.0716,0.07329999999999999,0.0915,0.0866,0.0718,0.0727,0.0728],"52":[0.0506,0.0452,0.045,0.0464,0.0465,0.0452,0.0453,0.0462,0.045599999999999995,0.0463,0.0674,0.0475,0.0465,0.047299999999999995,0.046099999999999995,0.046,0.0462,0.0463,0.0462,0.0469,0.0464,0.0464,0.0468,0.0455,0.045399999999999996,0.0458,0.0448,0.047299999999999995,0.0464,0.059699999999999996,0.047099999999999996,0.0639,0.046599999999999996,0.047099999999999996,0.047599999999999996,0.0482,0.0469,0.045399999999999996,0.0479,0.0465,0.046,0.0465,0.047,0.0474,0.047,0.0462,0.0477,0.0453,0.0453,0.0462],"16":[0.0219,0.0185,0.018099999999999998,0.017499999999999998,0.0178,0.0177,0.018699999999999998,0.018,0.018099999999999998,0.0182,0.018,0.0185,0.017599999999999998,0.018,0.017599999999999998,0.0177,0.0186,0.017499999999999998,0.0183,0.0177,0.0179,0.0179,0.0174,0.0177,0.018,0.017599999999999998,0.037399999999999996,0.0179,0.0184,0.017599999999999998,0.0172,0.017499999999999998,0.018,0.017599999999999998,0.0177,0.0177,0.0201,0.0322,0.033299999999999996,0.0271,0.0225,0.0212,0.0174,0.0172,0.017499999999999998,0.0173,0.0169,0.0168,0.0173,0.016999999999999998],"14":[0.0208,0.0182,0.017499999999999998,0.018,0.018099999999999998,0.0174,0.033499999999999995,0.0183,0.0177,0.016999999999999998,0.0177,0.0177,0.017499999999999998,0.0177,0.017599999999999998,0.0174,0.036899999999999995,0.0171,0.059699999999999996,0.0174,0.0165,0.0166,0.0167,0.0166,0.0167,0.0159,0.0161,0.0163,0.0163,0.0161,0.0168,0.016399999999999998,0.0174,0.016399999999999998,0.0169,0.0165,0.0169,0.0167,0.0161,0.0165,0.016399999999999998,0.0169,0.0174,0.016399999999999998,0.016399999999999998,0.016399999999999998,0.0163,0.016399999999999998,0.0166,0.0165],"225":[0.1702,0.15209999999999999,0.1522,0.1507,0.1683,0.15059999999999998,0.15189999999999998,0.15059999999999998,0.1505,0.15209999999999999,0.14909999999999998,0.16499999999999998,0.1512,0.15289999999999998,0.1523,0.15159999999999998,0.15339999999999998,0.1619,0.1493,0.1533,0.1614,0.1532,0.1533,0.1643,0.151,0.1508,0.1528,0.15259999999999999,0.1575,0.1493,0.1749,0.177,0.15289999999999998,0.15309999999999999,0.15289999999999998,0.1514,0.1671,0.15289999999999998,0.15339999999999998,0.15339999999999998,5.2286,0.1949,0.1669,0.1613,0.163,0.1556,0.1555,0.152,0.20379999999999998,0.1782],"96":[0.0871,0.0788,0.0794,0.08009999999999999,0.0783,0.0775,0.0771,0.0802,0.0781,0.07769999999999999,0.0783,0.0994,0.0774,0.0798,0.0775,0.0781,0.07819999999999999,0.07919999999999999,0.07869999999999999,0.0775,0.0789,0.0784,0.07909999999999999,0.09749999999999999,0.0784,0.0775,0.0803,0.0799,0.0786,0.0797,0.079,0.0795,0.0775,0.0759,0.0789,0.0779,0.16699999999999998,0.1105,0.0802,0.07769999999999999,0.07529999999999999,0.0757,0.07629999999999999,0.0754,0.0761,0.07579999999999999,0.0756,0.0962,0.07769999999999999,0.0765],"150":[0.1711,0.1663,0.16749999999999998,0.18289999999999998,0.1663,0.18889999999999998,0.1704,0.1687,0.1812,0.17079999999999998,0.16549999999999998,0.1656,0.1679,0.1681,0.1848,0.1667,0.1651,0.1684,0.1666,0.1638,0.2271,0.1725,0.1706,0.1661,0.1681,0.1672,0.1833,0.16799999999999998,0.1686,0.1674,0.1651,0.1812,0.16949999999999998,0.1649,0.1687,0.1676,0.1687,0.1823,0.1691,0.1691,0.1671,0.1693,0.1712,0.1842,0.16899999999999998,0.1676,0.1711,0.16649999999999998,0.1697,0.18389999999999998],