{"time":{"29":[0.08589999999999999,0.0707,0.1113,0.1603,0.1371,0.11779999999999999,0.0689,0.06799999999999999,0.0684,0.0677,0.0682,0.06749999999999999,0.0681,0.0679,0.0683,0.06849999999999999,0.088,0.08,0.0789,0.0785,0.0778,0.0789,0.078,0.0783,0.07869999999999999,0.0789,0.07819999999999999,0.0779,0.09119999999999999,0.1299,0.0676,0.06899999999999999,0.06849999999999999,0.0691,0.0697,0.0691,0.0684,0.0683,0.0682,0.0679,0.0681,0.0678,0.0933,0.07909999999999999,0.0783,0.0779,0.0784,0.0781,0.07719999999999999,0.0779],"58":[0.3076,0.3389,0.3046,0.2865,0.3437,0.3356,0.31829999999999997,0.361,0.3579,0.3696,0.3144,0.3126,0.433,0.3106,0.3149,0.373,0.35309999999999997,0.35269999999999996,0.37,0.35559999999999997,0.2956,0.3328,0.3448,0.30629999999999996,0.3439,0.3564,0.3539,0.3709,0.37029999999999996,0.3555,0.3369,0.30979999999999996,0.30569999999999997,0.3598,0.3287,0.30469999999999997,0.36369999999999997,0.3452,0.3054,0.36729999999999996,0.35559999999999997,0.3684,0.371,0.3494,0.3852,0.305,0.3018,0.3317,0.35319999999999996,0.356],"130":[1.5432,1.5015999999999998,1.5583,1.6159999999999999,7.1529,2.8803,2.8768,2.8202,2.7415,1.6613,1.4743,1.5228,1.5585,1.4701,1.472,1.4803,1.4597,1.5329,1.502,1.5031999999999999,1.4815,1.6749999999999998,1.7067999999999999,1.664,1.7108999999999999,1.706,1.6671,3.7487,3.8531,3.839,3.2601,1.7265,1.6522,1.6906999999999999,1.6894,1.6866999999999999,1.654,1.6647999999999998,1.6479,1.6714,1.6619,1.7724,1.7264,1.7848,1.7973999999999999,1.7682,1.7148999999999999,1.7413999999999998,1.7370999999999999,1.8363999999999998],"51":[0.21889999999999998,0.2059,0.2075,0.2322,0.2408,0.2557,0.21639999999999998,0.2478,0.2394,0.23679999999999998,0.239,0.2377,0.2505,0.23729999999999998,0.2392,0.2505,0.23759999999999998,0.23829999999999998,0.238,0.23579999999999998,0.2504,0.2382,0.2375,0.23929999999999998,0.2517,0.24869999999999998,0.2375,0.238,0.2505,0.2392,0.26999999999999996,0.23609999999999998,0.2495,0.2364,0.23559999999999998,0.23659999999999998,0.2511,0.2387,0.243,0.23729999999999998,0.2481,0.2359,0.23609999999999998,0.2392,0.32639999999999997,0.2238,0.20659999999999998,0.20679999999999998,0.2065,0.22399999999999998],"42":[0.1536,0.1392,0.1391,0.1391,0.1614,0.1393,0.1387,0.13949999999999999,0.14029999999999998,0.1399,0.13999999999999999,0.1601,0.14029999999999998,0.13899999999999998,0.1399,0.1391,0.1391,0.1396,0.1594,0.1411,0.13949999999999999,0.1406,0.13999999999999999,0.13949999999999999,0.1547,0.15819999999999998,0.13949999999999999,0.13999999999999999,0.1397,0.1396,0.1963,0.1984,0.1682,0.14079999999999998,0.14229999999999998,0.1444,0.142,0.1702,0.15769999999999998,0.1411,0.14129999999999998,0.13949999999999999,0.1417,0.1427,0.1659,0.1436,0.1404,0.1558,0.14529999999999998,0.1442],"70":[0.5443,0.4714,0.4856,0.4855,0.4667,0.531,0.5095999999999999,0.4564,0.4427,0.4935,0.5487,0.47559999999999997,0.4719,0.4563,0.44229999999999997,0.52,0.471,0.4558,0.5064,0.4967,0.44239999999999996,0.4572,0.4447,0.4567,0.44189999999999996,0.4421,0.4784,0.5105999999999999,0.4789,0.47359999999999997,0.6037,0.4453,0.46159999999999995,0.45999999999999996,0.48479999999999995,0.4603,0.5405,0.5206,0.4942,0.4446,0.4629,0.44329999999999997,0.4647,0.46449999999999997,0.4648,0.46609999999999996,0.4662,0.44949999999999996,0.4553,0.4644],"280":[15.8354,16.029899999999998,12.3469,14.2936,9.113999999999999,9.6101,9.8234,15.102699999999999,9.5838,13.448699999999999,19.4225,20.0776,20.3292,20.6247,9.614099999999999,9.7762,10.307599999999999,10.2174,10.568,10.6706,10.421,10.6771,10.6572,11.5414,20.603099999999998,14.672899999999998,8.8202,9.103399999999999,9.0837,9.1517,9.1433,9.230599999999999,9.5673,9.11,12.677,9.213099999999999,8.9874,9.2158,9.689,9.343399999999999,14.305299999999999,9.7201,9.2949,16.0749,13.277999999999999,8.9252,8.802,8.7669,9.527899999999999,12.5895],"100":[0.9394,0.8876999999999999,0.8443999999999999,0.9472999999999999,0.939,0.9774999999999999,0.9764999999999999,0.9376,0.8741,0.9197,0.8765,0.9491999999999999,0.9467,0.9080999999999999,0.96,1.6119999999999999,1.7352999999999998,1.8358999999999999,1.7242,1.7674999999999998,1.6439,1.7674999999999998,1.7329999999999999,1.7475999999999998,1.7924,1.8282999999999998,1.7704,6.6635,1.505,1.6079999999999999,1.6342999999999999,1.6349,1.6282999999999999,1.643,1.6808999999999998,1.6408,1.5915,1.6477,1.6447999999999998,1.5163,1.2973,0.9134,1.3307,0.985,1.1071,1.1363999999999999,1.2953999999999999,1.3154,0.9246,0.9136],"52":[0.3341,0.2647,0.2519,0.2516,0.2834,0.2593,0.2592,0.2588,0.3235,0.2521,0.3288,0.30629999999999996,0.2514,0.252,0.2515,0.2733,0.3036,0.291,0.30679999999999996,0.2804,0.25739999999999996,0.2592,0.2877,0.251,0.2794,0.2527,0.2517,0.2529,0.2691,0.2517,0.251,0.2493,0.2883,0.304,0.2628,0.9467,0.2593,0.2761,0.2709,0.24609999999999999,0.2635,0.24559999999999998,0.26339999999999997,0.25129999999999997,0.3095,0.2554,0.2973,0.2544,0.2527,0.2536],"16":[0.0406,0.0278,0.0282,0.0278,0.027899999999999998,0.028399999999999998,0.0276,0.0281,0.0277,0.027899999999999998,0.0277,0.0278,0.0277,0.0281,0.0277,0.0278,0.0277,0.0484,0.028499999999999998,0.0282,0.027999999999999997,0.028399999999999998,0.0282,0.028999999999999998,0.0287,0.0283,0.0281,0.0281,0.040999999999999995,0.0295,0.027999999999999997,0.0282,0.027899999999999998,0.027999999999999997,0.0283,0.028399999999999998,0.027999999999999997,0.028499999999999998,0.027899999999999998,0.027899999999999998,0.0276,0.0282,0.027899999999999998,0.028399999999999998,0.0276,0.0278,0.0275,0.0275,0.027999999999999997,0.0281],"14":[0.0325,0.0188,0.0186,0.0184,0.0194,0.0189,0.0184,0.0183,0.0183,0.018699999999999998,0.0186,0.0185,0.0183,0.0185,0.019,0.0186,0.0183,0.0184,0.0184,0.0188,0.0186,0.0185,0.0184,0.0186,0.0326,0.0196,0.0202,0.0185,0.018699999999999998,0.0195,0.0189,0.0188,0.0184,0.0186,0.0185,0.0196,0.0188,0.019,0.0184,0.0185,0.0189,0.0191,0.018699999999999998,0.018699999999999998,0.019,0.0189,0.0183,0.019,0.0186,0.0189],"225":[5.5362,5.6924,6.0623,5.8172999999999995,5.6145,6.473,6.0748999999999995,5.6229,5.7042,5.6818,5.6781999999999995,5.8286999999999995,9.8376,5.2113,5.144,5.1033,5.8788,9.9811,10.419699999999999,10.8848,10.651299999999999,10.7454,9.5765,5.7492,5.5493999999999994,5.9002,6.3152,6.1136,10.386999999999999,5.4483999999999995,5.622199999999999,5.6642,6.191999999999999,10.707899999999999,7.5013,5.656499999999999,5.6735,5.7759,5.555,5.6124,5.5926,5.5591,7.448799999999999,15.3883,9.8682,5.5059,5.6076,5.9262999999999995,5.8511999999999995,5.785],"96":[0.8014,0.8402,0.8328,0.857,0.9516,0.8509,0.8553999999999999,0.8408,0.8428,0.8273999999999999,0.8424999999999999,0.8975,0.8739,0.8863,0.8669,0.9304,0.9402999999999999,0.9583999999999999,0.883,0.8515999999999999,0.8603,0.8559,0.9117,0.8623,0.8642,0.8724999999999999,0.8995,0.9372999999999999,1.0951,0.9689,0.9018999999999999,1.0221,6.034,1.1188,1.0324,1.0482,1.0345,1.0123,1.0252999999999999,1.0098,1.0171999999999999,0.976,1.0504,1.0856,1.0389,0.9537,0.9682999999999999,0.9751,0.9814999999999999,0.9831],"150":[2.2317,2.2074,2.2752,2.2512,2.2885,2.3265,2.3017,5.958699999999999,2.2140999999999997,2.2807,2.3455999999999997,2.3066999999999998,2.2727,2.3201,2.3115,2.2119999999999997,2.3784,2.2889999999999997,2.3826,2.4278,2.4249,2.4457,2.4545,2.4236999999999997,2.3897999999999997,2.4613,4.4211,4.420599999999999,4.6352,3.8207,2.5356,2.3792,2.3190999999999997,2.3853,2.4400999999999997,2.4663,2.3575,2.3758999999999997,2.3644,2.3032,2.3512999999999997,2.5955999999999997,3.0128,6.0325,2.1473,2.0732,2.5364999999999998,2.2346999999999997,1.9987,1.958],