{"time":{"29":[2.3285,2.3034,2.2748,2.3453,2.3142,2.549,2.2335,2.2096,2.1102,2.1841,2.121,2.1007,2.1789,8.3311,2.1935,2.1881,2.2222,2.1913,2.2199,2.1146,2.1696,2.1902999999999997,2.1395999999999997,2.1955999999999998,2.1199,2.2843,2.1407,2.2399,2.3926,2.3958,2.3824,2.2447999999999997,2.4607,2.495,2.4129,2.4091,2.2662999999999998,2.435,2.3346,2.3741,2.3701,2.3973,2.2822,2.4251,2.387,7.2883,2.0747999999999998,2.0789,2.0862,2.1908],"58":[21.157799999999998,22.281,34.360299999999995,20.720399999999998,21.266099999999998,22.6632,28.165399999999998,20.4394,19.8733,20.6027,27.2488,20.2562,24.4421,26.6388,29.1417,22.2717,19.3543,20.4616,28.7929,27.209799999999998,21.2563,24.786199999999997,36.3124,22.0738,26.8004,22.318199999999997,30.194399999999998,20.4397,20.4089,24.383,27.868299999999998,20.1011,19.971799999999998,21.5181,29.1189,20.650199999999998,21.8709,39.2132,32.626799999999996,27.2045,20.912699999999997,35.211999999999996,22.8055,25.5612,20.089299999999998,19.9922,21.8096,25.2515,20.4484,41.0978],"130":[264.271,296.55199999999996,263.3569,241.80429999999998,222.57549999999998,291.2715,299.277,295.8015,247.2884,244.3467,261.22139999999996,231.9911,245.85479999999998,270.4002,265.01189999999997,238.09709999999998,259.6331,258.0535,241.00009999999997,245.385,238.9989,286.26169999999996,271.7364,260.8146,278.0381,259.9463,237.30599999999998,231.07889999999998,224.5189,224.5521,243.3319,285.4812,231.8057,225.6214,252.88139999999999,288.4102,254.31359999999998,264.17519999999996,297.0592,248.96179999999998,232.9689,253.2831,303.448,251.14399999999998,246.3363,269.8458,264.9678,289.3879,237.5381,245.72719999999998],"51":[11.218,16.0046,11.0535,11.8177,12.0878,12.4766,12.3638,17.0036,12.5085,13.089799999999999,13.327499999999999,12.2499,12.1208,16.0096,20.231099999999998,19.6586,13.5815,21.1665,21.2887,27.0325,14.9233,12.3134,13.5443,21.055999999999997,22.0246,25.0198,12.3399,12.766499999999999,12.4026,12.1793,15.9162,18.865399999999998,11.9369,11.9749,12.2929,12.4048,12.602599999999999,17.0348,12.4408,12.2316,12.7149,12.6031,11.6084,15.2851,11.976099999999999,11.587399999999999,12.1863,11.957899999999999,16.662399999999998,11.7739],"42":[6.7033,6.8302,7.0161,11.594199999999999,8.4306,6.784,6.9089,6.959899999999999,7.135199999999999,6.946,7.0638,10.134599999999999,12.4879,16.9439,6.2021999999999995,9.5724,12.7326,6.904599999999999,7.5439,6.999499999999999,7.0161999999999995,6.8595,7.074199999999999,6.952299999999999,11.2601,8.4522,6.7957,7.2511,6.936599999999999,7.5633,6.953799999999999,6.9300999999999995,7.4013,7.0213,6.4131,10.4847,6.4794,7.0374,7.1103,7.0766,7.120699999999999,7.5035,7.4289,7.0386999999999995,7.013999999999999,12.0986,7.7138,12.3348,12.8217,14.6868],"70":[37.2941,36.2315,42.922799999999995,28.8175,30.2928,34.6297,32.2325,35.6609,31.4056,45.373599999999996,31.528399999999998,33.134299999999996,35.7022,31.133399999999998,36.23,40.9647,41.3668,30.9344,52.5886,59.506,30.6698,33.6932,31.2157,37.3775,33.0694,30.528599999999997,34.5768,31.0262,38.0272,30.727899999999998,34.7917,35.1715,31.2225,44.445299999999996,31.2319,46.0362,30.996499999999997,35.2998,29.9983,29.572,33.5259,38.6665,32.2879,30.836499999999997,35.6459,31.048,29.580099999999998,35.0758,33.4368,66.60459999999999],"280":[3163.0699999999997,3083.52,2951.9265,3169.6149,3291.0905,3391.9138,3160.0362999999998,3044.1605,3001.8596,3177.2992999999997,3120.2302999999997,3010.3878,2938.7540999999997,2900.3453,3127.9056,2883.7915,2932.9620999999997,3145.0517999999997,3329.3995999999997,2934.9681,2897.5753,2920.6596999999997,2928.4057,2961.8455999999996,3176.419,2943.4474999999998,3080.9727,2834.8086,3074.6841,2963.2120999999997,3043.8468,2880.8781999999997,3148.6643,3510.8498999999997,3145.3614,2986.5717,3330.0334,3199.0508,2972.4908,3305.8563999999997,2920.7669,3032.0785,2986.5571,2958.3367,3050.2243,3069.7151,3078.5423,2932.0723,3091.4469,2980.5577],"100":[102.2551,137.0796,98.0289,107.67269999999999,112.7435,99.7008,101.73689999999999,103.7742,131.98499999999999,133.4888,160.155,111.4283,99.5372,113.63109999999999,93.0392,116.3668,99.0345,109.03099999999999,113.23649999999999,103.4469,132.27429999999998,106.75,102.9384,105.7957,110.05,91.55279999999999,112.9829,98.1248,99.6266,95.4011,102.97959999999999,102.8924,133.9385,112.4236,117.1571,112.1321,123.0013,99.3943,106.2372,118.695,114.0535,103.5743,97.0273,108.0247,113.6001,118.49749999999999,113.6386,108.2753,140.7875,111.99749999999999],"52":[15.2965,22.1918,21.985,28.383799999999997,28.673499999999997,29.404999999999998,19.0489,21.0454,13.9916,22.9867,16.913999999999998,13.7669,15.956299999999999,25.3632,13.444099999999999,13.121699999999999,20.9315,27.5001,21.383499999999998,13.8829,14.9528,15.129199999999999,15.559299999999999,14.9737,19.7131,16.9039,19.9304,14.482899999999999,14.9405,15.7,18.3779,13.2888,14.9134,14.5397,13.7599,19.2657,15.210899999999999,24.8754,25.548399999999997,18.4989,13.8531,19.4693,21.5169,14.635499999999999,15.618599999999999,15.5975,20.7823,13.948599999999999,14.4637,15.021799999999999],"16":[0.4573,0.4382,0.4375,0.8046,0.7765,0.7585,0.7592,0.7395999999999999,0.7511,0.7261,0.3946,0.41859999999999997,0.4553,0.3918,0.46759999999999996,0.4597,0.4578,0.4421,0.45039999999999997,0.3917,0.3944,0.45239999999999997,0.4218,0.43529999999999996,0.4568,0.45749999999999996,0.4443,0.46059999999999995,0.39849999999999997,0.44129999999999997,0.4407,0.4587,0.4438,0.514,0.39049999999999996,0.38689999999999997,0.46559999999999996,0.4482,0.4734,0.4425,0.45959999999999995,0.4435,0.4592,0.4441,0.46109999999999995,0.441,0.4808,0.5974999999999999,0.475,0.4457],"14":[0.2736,0.2859,0.2707,0.2696,0.2699,0.2865,0.2691,0.2854,0.3291,0.3046,0.303,0.30379999999999996,0.28509999999999996,0.2708,0.3016,0.2697,0.2686,0.2713,0.2897,0.2747,0.2716,0.2835,0.2702,0.26899999999999996,0.2696,0.3072,0.3596,0.27199999999999996,0.2718,0.2717,0.284,0.2706,0.2693,0.2711,0.2839,0.2738,0.2749,0.2812,0.295,0.5619999999999999,0.5999,0.6276999999999999,0.5912,0.6346999999999999,0.6336999999999999,0.6747,0.6593,0.5973999999999999,0.3192,0.307],"225":[1444.8181,1456.1182,1446.6478,1614.3433,1407.8709999999999,1454.5411,1473.4465,1497.9619,1441.1174999999998,1335.3091,1458.2841999999998,1667.5314999999998,1403.4447,1490.7278,1433.6774,1398.8682999999999,1429.6832,1481.2796999999998,1487.3683999999998,1457.6236999999999,1379.8508,1418.6222,1377.6895,1455.9325999999999,1444.8871,1433.9412,1482.8323,1362.8535,1502.9361,1466.9638,1500.8777,1442.8763,1432.4280999999999,1468.0076,1421.5456,1488.9788999999998,1415.0491,1433.2251999999999,1514.3416,1450.2224999999999,1426.711,1522.8969,1429.5244,1364.5769,1423.2550999999999,1595.0124999999998,1413.7357,1469.0274,1501.7957999999999,1591.0112],"96":[116.88499999999999,121.2023,120.25569999999999,105.68329999999999,121.82799999999999,97.7846,97.3137,99.12729999999999,92.3419,96.39829999999999,97.92689999999999,111.4352,90.356,98.9645,100.9776,114.7188,112.3093,102.22409999999999,112.3852,101.2824,101.1121,125.51589999999999,106.9776,121.4002,104.9722,126.7815,98.17139999999999,116.2421,101.3699,111.8795,111.87259999999999,122.53389999999999,93.9328,96.2834,113.97879999999999,108.00789999999999,99.9036,95.8945,96.56909999999999,122.5253,123.54079999999999,122.7237,97.9883,111.8595,105.60969999999999,92.5743,96.06949999999999,101.76559999999999,106.60669999999999,91.27749999999999],"150":[362.772,381.5208,414.4566,352.12719999999996,386.68559999999997,399.6655,363.40279999999996,380.5582,364.4137,359.8897,353.5141,358.7399,348.7473,399.9262,393.81399999999996,430.90639999999996,377.2905,374.12289999999996,430.5308,376.13059999999996,388.2484,386.0693,419.70619999999997,366.856,380.62239999999997,371.44259999999997,391.3458,365.688,360.7366,382.171,345.4695,365.5645,394.5276,375.3626,351.3993,375.07169999999996,398.9539,502.794,418.89849999999996,378.50239999999997,421.6493,349.78229999999996,357.651,377.18059999999997,438.7392,376.80899999999997,381.5245,364.5899,352.5557,360.83599999999996],