{"time":{"29":[0.20199999999999999,0.1921,0.18839999999999998,0.236,0.2592,0.1875,0.18769999999999998,0.1881,0.2113,0.2208,0.20099999999999998,0.1983,0.19799999999999998,0.2496,0.186,0.18769999999999998,0.1867,0.19,0.2395,0.18839999999999998,0.18989999999999999,0.18819999999999998,0.188,0.2069,0.20129999999999998,0.1979,0.1972,0.1986,0.21189999999999998,0.1987,0.1991,0.19749999999999998,0.1984,0.2751,0.1999,0.1972,0.1989,0.2105,0.1989,0.1972,0.2012,0.2017,0.213,0.2026,0.2002,0.19979999999999998,0.2004,0.21359999999999998,0.20079999999999998,0.2652],"58":[2.3297,2.2594,2.1511,2.3131,2.286,2.3666,2.3531999999999997,2.5612999999999997,2.3901,2.3801,2.2020999999999997,2.4518999999999997,2.4691,2.4951,2.5281,1.7932,1.6476,1.3639,1.3741999999999999,5.0023,1.2873999999999999,1.3118999999999998,1.2731999999999999,1.3344,1.4271,1.3712,1.2607,1.2672999999999999,1.4063999999999999,1.2823,1.2506,1.2553999999999998,1.3159999999999998,1.2792,1.2876999999999998,2.2384,2.4466,2.6069,2.4579,2.5521,2.5584,2.1096999999999997,1.4203999999999999,1.345,1.5374999999999999,5.7524999999999995,1.2889,1.3315,1.3334,1.4583],"130":[11.911999999999999,9.8949,12.623,9.0239,9.1023,12.0536,10.6276,9.0282,11.8377,9.319099999999999,12.1121,8.9371,9.156699999999999,11.8299,9.458599999999999,9.5986,12.1657,10.663499999999999,9.149,11.9439,9.243,9.068,11.9637,8.9892,9.015799999999999,12.2938,9.649,13.7066,16.2313,10.0087,12.6244,8.9879,9.1772,11.707699999999999,9.0346,9.0443,11.979899999999999,9.037099999999999,9.111699999999999,11.8379,8.9534,11.928099999999999,9.154399999999999,9.1043,12.1311,9.277,9.2316,12.809299999999999,9.434,9.3947],"51":[0.8507,0.8392,0.8134,0.8273999999999999,0.8129,0.837,0.8624999999999999,0.8169,0.8474999999999999,0.8255,0.8101999999999999,0.8221999999999999,0.8766999999999999,0.8266,0.8397,0.8069,0.7962,0.8106,0.8196,1.1898,1.5466,1.5207,1.5864,1.5302,1.5431,1.5348,1.6167,1.3434,1.5921999999999998,6.1101,0.8247,0.8382,0.7865,0.8089,0.8785999999999999,0.8218,0.8262999999999999,0.8235,0.827,0.8323999999999999,0.8276,0.8265,0.8281999999999999,0.8709,0.8151999999999999,0.8083,0.8245,0.8085,0.8160999999999999,0.8169],"42":[0.4876,0.5201,0.5488,0.5044,0.5195,0.5021,0.5902,1.1312,1.0848,1.1194,1.117,1.1377,1.1279,1.1758,1.1923,0.7406999999999999,6.8065,0.5052,0.4965,0.5611999999999999,0.49789999999999995,0.5135,0.5002,0.5123,0.49989999999999996,0.514,0.504,0.9891,0.5967,0.5500999999999999,0.5014,0.5098,0.4991,0.5176999999999999,0.5052,0.5175,0.5117999999999999,0.5456,0.503,0.513,0.48019999999999996,0.49939999999999996,0.4936,0.5095999999999999,0.49369999999999997,0.593,0.4957,0.5291,0.4911,0.5328999999999999],"70":[4.2593,2.4514,4.0634999999999994,4.3243,5.8578,2.0271,2.1491,2.1224,2.5661,3.5477,3.5204,9.9461,1.855,2.9776,3.0267,2.9865,2.3586,2.8531,5.7214,4.101999999999999,4.0255,12.8598,4.9616,5.0961,4.7877,5.3301,4.6156999999999995,20.1005,5.116499999999999,5.3934999999999995,3.5292999999999997,4.4628,4.5999,4.6248,4.3031,4.1795,2.0705999999999998,2.0473,2.0818,2.0078,1.9971999999999999,2.0671999999999997,6.5778,1.9243,1.9304,2.0391,1.9357,2.0924,2.0575,2.0469999999999997],"280":[109.4015,121.2653,109.36609999999999,105.8153,115.2628,106.1043,127.4395,129.447,105.9267,123.09909999999999,111.381,137.9578,108.36189999999999,109.3446,110.56479999999999,109.2957,120.0877,110.764,120.1972,104.3295,122.6866,132.5614,130.18449999999999,131.1645,121.4007,137.53799999999998,139.02939999999998,104.8104,107.3783,113.9148,105.746,107.5326,122.9019,109.9878,135.5374,107.3847,125.8514,168.855,117.4426,127.0191,120.6369,118.15939999999999,106.5705,112.62169999999999,107.1528,108.2742,105.68469999999999,128.8029,105.49279999999999,127.1664],"100":[6.6636,8.4137,8.6648,9.0959,9.086599999999999,10.6458,4.6524,4.6425,4.9218,6.738499999999999,4.5689,11.3486,8.608699999999999,7.0607,6.238099999999999,4.3727,4.3209,7.992299999999999,4.5001,4.3576,4.549799999999999,4.6193,7.5352,4.6358,4.4821,4.3805,4.4154,4.6608,7.6448,4.5655,4.6272,4.3887,4.4763,4.4832,7.7962,4.5807,4.4441999999999995,4.4978,4.5905,4.5,7.8728,4.4031,4.4946,4.6423,4.6723,4.5663,7.6190999999999995,4.5785,4.4364,4.5013],"52":[4.4569,1.8433,1.8732,1.9789999999999999,1.8732,1.9245999999999999,1.9589999999999999,1.8725999999999998,1.7046999999999999,1.8893,1.8867999999999998,1.9,1.884,1.9178,1.96,1.9043999999999999,1.9654999999999998,1.9049999999999998,2.0305,1.623,1.855,1.8935,1.9327999999999999,1.9810999999999999,1.8978,2.8548,1.8932,1.9579,2.0055,1.96,1.6890999999999998,1.8719,1.9346999999999999,0.9976999999999999,5.4734,0.9190999999999999,0.941,0.9923,0.9561,0.9531,0.9692999999999999,0.9753999999999999,0.9711,0.9501,1.0233999999999999,1.0046,0.9611999999999999,0.9509,0.9498,1.0007],"16":[0.0644,0.0525,0.051699999999999996,0.0528,0.052,0.0518,0.0649,0.053599999999999995,0.0516,0.0518,0.065,0.0521,0.0528,0.051899999999999995,0.051399999999999994,0.0515,0.052899999999999996,0.052399999999999995,0.052899999999999996,0.0533,0.0525,0.0535,0.0523,0.0533,0.0513,0.050699999999999995,0.052,0.052,0.0649,0.051699999999999996,0.0516,0.0516,0.052,0.0509,0.051,0.051899999999999995,0.052,0.0501,0.0511,0.0511,0.051,0.0518,0.0545,0.052399999999999995,0.0516,0.0511,0.0509,0.06609999999999999,0.052399999999999995,0.0523],"14":[0.0477,0.0376,0.0358,0.0371,0.037399999999999996,0.0382,0.0364,0.036699999999999997,0.0366,0.0355,0.051899999999999995,0.037,0.0356,0.0376,0.0555,0.0368,0.0375,0.0361,0.035699999999999996,0.036899999999999995,0.036,0.036899999999999995,0.037,0.037,0.0372,0.037399999999999996,0.0378,0.0383,0.036899999999999995,0.036,0.0364,0.036,0.036,0.0366,0.0366,0.0361,0.050199999999999995,0.037,0.0359,0.0354,0.0358,0.0364,0.0366,0.0359,0.035699999999999996,0.0361,0.035699999999999996,0.0355,0.0358,0.0372],"225":[49.7703,49.9951,45.6316,50.8482,50.1511,51.3427,59.6675,46.8144,48.5077,45.537299999999995,56.8837,50.4559,46.0993,66.60679999999999,77.9238,67.7461,60.358599999999996,64.4272,53.037299999999995,47.649499999999996,62.924499999999995,61.852999999999994,48.9267,47.138799999999996,62.328399999999995,48.760999999999996,45.782399999999996,48.050799999999995,50.1035,59.5682,46.781,50.5588,50.308,47.1917,69.0214,63.908699999999996,56.2618,50.6626,61.282,53.2562,66.1518,85.15209999999999,48.8238,47.2046,59.836299999999994,72.7971,56.7423,48.6964,48.108,48.7564],"96":[8.626299999999999,14.0741,9.6569,9.384599999999999,9.8273,6.9875,5.1118999999999994,9.7252,4.5752,4.8927,5.725499999999999,8.7744,7.3117,4.8732,8.8278,4.5499,4.695399999999999,4.6385,4.8458,5.0142,8.917399999999999,4.5153,4.7136,4.6625,4.8854999999999995,4.8991999999999996,9.0156,4.4102,4.8221,4.789,4.7505999999999995,4.9443,4.7284999999999995,9.1892,4.614599999999999,4.7526,4.8579,4.9936,4.8833,9.610299999999999,4.7474,7.821,5.2566,4.7005,4.8441,5.0337,8.9602,4.8522,5.1486,4.9883],"150":[14.1519,21.1721,25.080499999999997,28.3038,24.961299999999998,21.1299,13.531799999999999,16.3864,13.657499999999999,16.5379,22.165499999999998,29.6941,22.6791,17.2807,17.0114,14.6699,17.450699999999998,14.232199999999999,17.3553,14.514199999999999,17.7776,13.8698,16.0539,13.4987,21.4816,15.0427,16.3944,16.0461,14.2584,16.3092,17.6256,18.671499999999998,13.500599999999999,16.0524,13.3902,15.9255,13.3325,23.5722,25.9121,16.9754,13.4688,16.593,22.7519,13.814,16.3217,13.7699,22.3858,13.5664,16.1925,13.4291],"76":[5.0313,2.2685,2.1041,2.1286,2.1,2.2491,2.1026,2.143,2.1113,2.3718999999999997,2.2573,2.2014,6.1068999999999996,2.117,2.1953,2.9044,2.1094999999999997,2.1378999999999997,2.1526,2.0999,2.0943,2.1565,2.2022999999999997,2.0995,6.117,2.1867,2.2117,2.1818999999999997,2.1978,2.2140999999999997,2.2931999999999997,2.1795999999999998,2.2014,2.2417,2.223,2.3049,2.2255,6.522399999999999,2.2184,2.1919,2.2060999999999997,2.1972,2.2333,2.2462999999999997,2.2066,2.2391,2.266,2.3714999999999997,2.3197,8.2989],