{"time":{"29":[0.043,0.0532,0.0394,0.0394,0.0394,0.0401,0.039,0.0382,0.0406,0.0389,0.0525,0.0385,0.0402,0.0393,0.0414,0.0393,0.0399,0.0394,0.07289999999999999,0.040799999999999996,0.0395,0.0384,0.0535,0.0392,0.037899999999999996,0.0387,0.0385,0.048299999999999996,0.0392,0.049999999999999996,0.11489999999999999,0.0436,0.0406,0.039799999999999995,0.038099999999999995,0.039799999999999995,0.051399999999999994,0.0393,0.0376,0.055099999999999996,0.0377,0.040299999999999996,0.0511,0.0384,0.036199999999999996,0.0484,0.036699999999999997,0.0366,0.0373,0.036899999999999995],"58":[0.0739,0.0694,0.0774,0.06949999999999999,0.11009999999999999,0.06999999999999999,0.0696,0.0736,0.0698,0.0832,0.0822,0.0774,0.07039999999999999,0.0676,0.0679,0.0722,0.07719999999999999,0.0672,0.0692,0.0686,0.0757,0.0703,0.0668,0.06659999999999999,0.0904,0.0708,0.0643,0.06999999999999999,0.0659,0.0736,0.0689,0.0652,0.0693,0.0726,0.0696,0.0688,0.06799999999999999,0.0662,0.1221,0.0701,0.0678,0.06609999999999999,0.0697,0.0655,0.0669,0.0673,0.06949999999999999,0.0647,0.06849999999999999,0.0644],"130":[0.0863,0.0885,0.0838,0.08549999999999999,0.09759999999999999,0.1261,0.122,0.11929999999999999,0.1234,0.1202,0.1197,0.1202,0.1346,0.12179999999999999,0.11829999999999999,0.1192,0.1192,0.11939999999999999,0.1272,0.1167,0.1429,0.11889999999999999,0.12589999999999998,0.1152,0.1244,0.1182,0.1168,0.1244,0.193,0.131,0.1162,0.12409999999999999,0.11589999999999999,0.12589999999999998,0.11929999999999999,0.12469999999999999,0.1329,0.1162,0.1429,0.12079999999999999,0.12539999999999998,0.11649999999999999,0.12369999999999999,0.1528,0.12359999999999999,0.11829999999999999,0.1263,0.1361,0.1171,0.12419999999999999],"51":[0.0412,0.0402,0.0394,0.0382,0.0384,0.039099999999999996,0.0388,0.0394,0.0401,0.0387,0.0394,0.039099999999999996,0.0387,0.051699999999999996,0.0395,0.0405,0.0402,0.0394,0.0397,0.0393,0.0383,0.0384,0.039099999999999996,0.0569,0.0562,0.0576,0.053399999999999996,0.053899999999999997,0.0555,0.053099999999999994,0.053399999999999996,0.0683,0.0549,0.0696,0.0554,0.0527,0.0545,0.0542,0.0549,0.0559,0.053899999999999997,0.056299999999999996,0.0694,0.0542,0.055,0.052899999999999996,0.055299999999999995,0.054599999999999996,0.0532,0.055999999999999994],"42":[0.0789,0.0581,0.065,0.08829999999999999,0.0584,0.056299999999999996,0.0552,0.0572,0.055099999999999996,0.06369999999999999,0.057499999999999996,0.055299999999999995,0.0535,0.053899999999999997,0.0573,0.0861,0.054099999999999995,0.055,0.0523,0.0831,0.0555,0.0613,0.0528,0.0549,0.054,0.0598,0.0936,0.0727,0.0658,0.053399999999999996,0.0538,0.0707,0.050499999999999996,0.0533,0.061099999999999995,0.0703,0.053099999999999994,0.0526,0.0532,0.0533,0.0636,0.0511,0.0532,0.053399999999999996,0.0523,0.051399999999999994,0.06269999999999999,0.0516,0.051399999999999994,0.0528],"70":[0.08209999999999999,0.0802,0.07669999999999999,0.07529999999999999,0.09319999999999999,0.08499999999999999,0.0794,0.0786,0.0856,0.07719999999999999,0.1245,0.0789,0.0848,0.0785,0.1192,0.07819999999999999,0.0983,0.0741,0.0749,0.0727,0.08009999999999999,0.075,0.105,0.0761,0.07669999999999999,0.07669999999999999,0.0745,0.07329999999999999,0.0755,0.0969,0.0953,0.07769999999999999,0.07669999999999999,0.0921,0.075,0.0789,0.0795,0.0919,0.096,0.0805,0.093,0.0803,0.08,0.0803,0.0828,0.0968,0.07669999999999999,0.0841,0.07869999999999999,0.07919999999999999],"280":[0.27199999999999996,0.2525,0.2291,0.2234,0.2229,0.2377,0.2243,0.2259,0.22519999999999998,0.24239999999999998,0.2357,0.22319999999999998,0.2208,0.2175,0.2309,0.2357,0.2173,0.2251,0.2206,0.2052,0.2067,0.2231,0.212,0.2274,0.2112,0.23299999999999998,0.2165,0.2407,0.21339999999999998,0.2147,0.2117,0.2138,0.2268,0.21489999999999998,0.21489999999999998,0.2125,0.2377,0.20959999999999998,0.21009999999999998,0.21289999999999998,0.2155,0.2281,0.21969999999999998,0.2148,0.2117,0.2112,0.222,0.2128,0.20909999999999998,0.21839999999999998],"100":[0.12269999999999999,0.13979999999999998,0.1139,0.11839999999999999,0.1245,0.11639999999999999,0.1167,0.125,0.1132,0.1397,0.1158,0.1181,0.11979999999999999,0.12919999999999998,0.1143,0.12079999999999999,0.1122,0.1109,0.1354,0.11209999999999999,0.1225,0.11309999999999999,0.1134,0.1187,0.1156,0.1249,0.1354,0.11199999999999999,0.11,0.123,0.11309999999999999,0.11839999999999999,0.1128,0.11359999999999999,0.13399999999999998,0.11159999999999999,0.11109999999999999,0.1162,0.1216,0.109,0.10959999999999999,0.1066,0.1132,0.1267,0.15439999999999998,0.11109999999999999,0.1084,0.10959999999999999,0.11019999999999999,0.11059999999999999],"52":[0.064,0.0628,0.0579,0.055999999999999994,0.0545,0.0578,0.06409999999999999,0.06989999999999999,0.0573,0.0556,0.059,0.0625,0.0549,0.0552,0.0561,0.056499999999999995,0.0659,0.0572,0.0562,0.0561,0.0552,0.0655,0.055799999999999995,0.0554,0.0802,0.0678,0.0657,0.056999999999999995,0.0547,0.057699999999999994,0.0644,0.059,0.054299999999999994,0.056999999999999995,0.0571,0.0625,0.0578,0.056299999999999996,0.055299999999999995,0.0567,0.077,0.057699999999999994,0.06849999999999999,0.07919999999999999,0.0561,0.0658,0.055799999999999995,0.055,0.055099999999999996,0.0552],"16":[0.027899999999999998,0.026,0.027399999999999997,0.028399999999999998,0.0638,0.0283,0.026199999999999998,0.0271,0.0254,0.0269,0.0288,0.0248,0.027,0.0342,0.0259,0.025699999999999997,0.026099999999999998,0.0277,0.0255,0.026099999999999998,0.0263,0.0255,0.026,0.026099999999999998,0.0292,0.0253,0.034999999999999996,0.026,0.025599999999999998,0.026199999999999998,0.027399999999999997,0.0271,0.024999999999999998,0.026199999999999998,0.027399999999999997,0.024999999999999998,0.0269,0.0286,0.025099999999999997,0.044199999999999996,0.0366,0.0258,0.0252,0.025699999999999997,0.028399999999999998,0.025699999999999997,0.026099999999999998,0.0271,0.026,0.0247],"14":[0.029599999999999998,0.023,0.0235,0.022,0.023299999999999998,0.023,0.020499999999999997,0.021599999999999998,0.0214,0.022199999999999998,0.024499999999999997,0.0212,0.025099999999999997,0.0211,0.0206,0.0231,0.0206,0.022199999999999998,0.0209,0.0252,0.020499999999999997,0.0209,0.0231,0.0207,0.0209,0.026199999999999998,0.020999999999999998,0.0232,0.0211,0.0229,0.0213,0.021599999999999998,0.022699999999999998,0.0212,0.0226,0.022799999999999997,0.0219,0.0211,0.0209,0.024499999999999997,0.0355,0.022099999999999998,0.0242,0.0214,0.0208,0.0219,0.0217,0.0208,0.0213,0.024399999999999998],"225":[0.30619999999999997,0.28359999999999996,0.2708,0.28259999999999996,0.24339999999999998,0.2012,0.1813,0.1939,0.1697,0.1749,0.1954,0.1779,0.17629999999999998,0.17479999999999998,0.1871,0.1717,0.192,0.1746,0.17429999999999998,0.17529999999999998,0.17679999999999998,0.1933,0.17729999999999999,0.1986,0.1759,0.1724,0.1731,0.18919999999999998,0.17579999999999998,0.1871,0.1696,0.17099999999999999,0.18639999999999998,0.1709,0.1687,0.17279999999999998,0.1687,0.1683,0.1852,0.1735,4.8765,0.177,0.18,0.1822,0.1616,0.18889999999999998,0.1668,0.1604,0.1782,0.16419999999999998],"96":[0.10719999999999999,0.09759999999999999,0.0987,0.10439999999999999,0.1103,0.0948,0.10279999999999999,0.109,0.0963,0.10139999999999999,0.09559999999999999,0.0945,0.1035,0.1071,0.10049999999999999,0.0919,0.0897,0.11739999999999999,0.0939,0.095,0.09799999999999999,0.0924,0.0906,0.09899999999999999,0.094,0.0926,0.0988,0.1085,0.0957,0.0989,0.09029999999999999,0.09949999999999999,0.0921,0.09169999999999999,0.0994,0.11889999999999999,0.1045,0.1229,0.0939,0.09029999999999999,0.1011,0.0936,0.09079999999999999,0.0998,0.0919,0.0928,0.0996,0.1206,0.1016,0.09029999999999999],