{"time":{"29":[0.0862,0.0718,0.0723,0.0718,0.07239999999999999,0.07329999999999999,0.0892,0.0737,0.0865,0.0732,0.07239999999999999,0.0726,0.0732,0.0731,0.07239999999999999,0.0723,0.0725,0.0722,0.0726,0.07329999999999999,0.0732,0.0877,0.0757,0.0727,0.0725,0.07289999999999999,0.0731,0.0736,0.0731,0.07339999999999999,0.0765,0.0735,0.0728,0.0728,0.0737,0.0895,0.0982,0.0742,0.07619999999999999,0.0739,0.0742,0.07379999999999999,0.076,0.0741,0.0744,0.0741,8.1258,0.0836,0.0795,0.0775],"58":[0.324,0.3565,0.3003,0.30269999999999997,0.302,0.2859,0.2976,0.303,0.3011,0.28909999999999997,0.3099,0.3106,0.2971,0.31179999999999997,0.31939999999999996,0.2978,0.3252,0.31889999999999996,0.3089,0.30329999999999996,0.34259999999999996,0.3059,0.2925,0.3443,0.299,0.30469999999999997,0.347,0.3051,0.30569999999999997,0.3034,0.3221,0.3087,0.3136,0.3213,0.2986,0.3727,0.3423,0.3041,0.3066,0.3256,0.30529999999999996,0.3145,0.32,0.31129999999999997,0.3046,0.319,0.3072,0.3046,0.32489999999999997,0.3198],"130":[1.9364999999999999,1.8095999999999999,1.9341,1.8663999999999998,1.7947,1.8598,1.7977999999999998,1.8008,1.8374,1.9671999999999998,1.8918,1.9305999999999999,1.8622999999999998,1.8285,1.8695,1.8718,1.8854,1.8748,2.0862,1.9188999999999998,1.9726,1.9245999999999999,1.8607,1.8681999999999999,1.891,2.2062,9.0845,1.7372999999999998,1.8387,1.8759,1.863,1.904,2.019,1.9899,1.9548999999999999,1.9341,1.9650999999999998,2.0258,1.9590999999999998,1.9362,2.0585999999999998,2.0128999999999997,2.0542,1.9661,1.9995999999999998,2.0272,1.9894999999999998,2.0837,2.4792,2.0221999999999998],"51":[0.2847,0.2611,0.2481,0.24689999999999998,0.2471,0.2621,0.24719999999999998,0.2488,0.2838,0.257,0.2517,0.2526,0.298,0.2566,0.2552,0.2706,0.30619999999999997,0.2895,0.28099999999999997,0.28109999999999996,0.2618,0.2617,0.2608,0.2791,0.264,0.2612,0.26239999999999997,0.28359999999999996,0.2686,0.2633,0.2603,0.2848,0.262,0.2714,0.26999999999999996,0.3041,0.2717,0.27449999999999997,0.2887,0.2638,0.2621,0.2809,0.2667,0.2618,0.263,0.2835,0.2653,0.2626,0.263,0.2885],"42":[0.2133,0.3833,0.3311,0.1845,0.19499999999999998,0.1845,0.1815,0.21159999999999998,0.1784,0.17959999999999998,0.1792,0.1775,0.2225,0.1833,0.1842,0.1818,0.18359999999999999,0.2019,0.1974,0.1929,0.18489999999999998,0.1825,0.18289999999999998,0.2041,0.20759999999999998,0.1842,0.183,0.18439999999999998,0.20229999999999998,0.1825,0.18839999999999998,0.1835,0.18359999999999999,0.217,0.1948,0.1968,0.18939999999999999,0.1875,0.2196,0.1865,0.184,0.1845,0.185,0.20429999999999998,0.187,0.1843,0.1845,0.1842,0.2001,0.1926],"70":[0.4211,0.4289,0.4139,0.44229999999999997,0.5039,0.4341,0.4473,0.4724,0.46009999999999995,0.4435,0.4609,0.4483,0.46199999999999997,0.4821,0.475,0.45749999999999996,0.495,0.4584,0.45589999999999997,0.47669999999999996,0.4628,0.4804,0.4905,0.5234,0.47809999999999997,0.48009999999999997,0.48369999999999996,0.49169999999999997,0.4934,0.47369999999999995,0.4561,0.4728,0.4813,0.49369999999999997,0.5179,0.6246999999999999,0.4748,0.5202,0.4759,0.4909,0.4808,0.4931,0.4955,0.4743,0.476,0.4889,0.4885,0.48469999999999996,0.4784,0.6386],"280":[15.2633,11.3673,11.5281,11.6235,11.905899999999999,12.2865,12.6451,12.729,13.1266,12.7668,20.089199999999998,11.616299999999999,11.8614,12.0941,12.075099999999999,12.007,12.4352,12.7888,12.8255,13.627699999999999,20.8647,10.921299999999999,10.3365,11.216899999999999,11.9811,11.8034,12.4474,11.941099999999999,11.564499999999999,10.3856,10.9819,17.6246,10.2911,10.415899999999999,10.8706,10.8014,11.2676,11.2526,12.0909,11.6374,16.2018,24.9916,9.7958,10.380899999999999,11.2088,11.2,11.8342,12.2351,12.4233,11.3791],"100":[0.9328,1.042,0.9004,0.9567,1.268,1.0165,0.9005,0.9063,0.9498,0.9931,0.9943,1.0002,0.9961,1.0374999999999999,1.0292999999999999,1.0473999999999999,1.0207,1.0736999999999999,1.0469,1.0722,1.2106999999999999,9.5703,1.0104,1.0556999999999999,1.0837999999999999,1.1164,1.1461,1.0992,1.1023,1.2043,1.0817999999999999,1.1179,1.0974,1.1769,1.0759999999999998,1.1347,1.1854,1.1064,1.272,0.995,0.9793999999999999,1.0088,1.226,1.3489,1.4308999999999998,1.0931,1.1552,1.132,1.2844,1.1377],"52":[0.24089999999999998,0.24089999999999998,0.22899999999999998,0.2432,0.2268,0.2283,0.24459999999999998,0.2266,0.2583,0.23729999999999998,0.258,0.2387,0.2766,0.2621,0.25379999999999997,0.2478,0.2478,0.29469999999999996,0.24589999999999998,0.2652,0.25529999999999997,0.2665,0.255,0.2507,0.2516,0.2727,0.2596,0.2732,0.2547,0.2663,0.2536,0.2721,0.25839999999999996,0.2803,0.2726,0.25479999999999997,0.2739,0.2592,0.2509,0.2525,0.2704,0.2537,0.2752,0.2657,0.28859999999999997,0.26789999999999997,0.2779,0.28759999999999997,0.26139999999999997,0.2591],"16":[0.0368,0.029099999999999997,0.0277,0.0276,0.025699999999999997,0.0278,0.0271,0.0259,0.027299999999999998,0.0278,0.027299999999999998,0.026099999999999998,0.0271,0.0287,0.0259,0.027299999999999998,0.0277,0.0259,0.0282,0.052399999999999995,0.0283,0.026,0.027899999999999998,0.0275,0.026199999999999998,0.028499999999999998,0.027,0.027299999999999998,0.026099999999999998,0.0275,0.0275,0.026,0.0271,0.0275,0.0259,0.040799999999999996,0.0292,0.0286,0.0288,0.03,0.028999999999999998,0.027299999999999998,0.029099999999999997,0.0287,0.044199999999999996,0.0276,0.036,0.0292,0.0272,0.0287],"14":[0.0336,0.0189,0.019799999999999998,0.018699999999999998,0.0197,0.019899999999999998,0.0186,0.019799999999999998,0.0189,0.0201,0.0188,0.020499999999999997,0.0184,0.019799999999999998,0.019799999999999998,0.0189,0.0196,0.0185,0.019799999999999998,0.018699999999999998,0.0202,0.0184,0.019799999999999998,0.019899999999999998,0.0186,0.019799999999999998,0.0184,0.0194,0.0337,0.022199999999999998,0.0201,0.0188,0.0195,0.019,0.0195,0.018699999999999998,0.019899999999999998,0.0184,0.0208,0.0195,0.0183,0.0195,0.0188,0.024399999999999998,0.0183,0.0208,0.0188,0.0196,0.019799999999999998,0.0182],"225":[6.4921999999999995,6.8050999999999995,7.014399999999999,6.9245,7.1358,7.0668999999999995,7.531499999999999,9.3959,6.5783,6.494599999999999,6.4471,6.9169,10.7302,7.0504999999999995,6.4342,6.531,6.5366,5.9209,6.4274,6.233099999999999,7.7524999999999995,9.953899999999999,7.686999999999999,7.3919,7.7409,8.1295,7.5291999999999994,7.0455,10.700999999999999,6.356,6.807799999999999,6.764399999999999,6.1053999999999995,6.5935,5.9011,5.8635,6.2718,6.3963,6.398,6.454899999999999,6.589799999999999,6.7466,6.5607,6.2421,11.656799999999999,6.9254,7.724399999999999,7.1762,9.8705,7.495299999999999],"96":[0.8407,0.833,0.8384999999999999,0.8176,0.824,0.8198,0.8127,0.8110999999999999,0.8356,0.844,0.829,0.8238,0.8343999999999999,0.8341999999999999,0.8693,0.8505999999999999,0.8616999999999999,0.8448,0.8433999999999999,0.8494999999999999,0.9438,0.8716999999999999,0.8825,0.9216,0.892,0.8966999999999999,0.8739,0.8993,0.9066,0.9214,0.8825999999999999,0.9420999999999999,0.9013,0.9027,0.9392999999999999,1.0113999999999999,0.9992,1.0469,0.9759,1.0347,1.0253999999999999,1.0462,1.0733,1.1017,1.0232999999999999,1.0789,1.0218,1.0349,1.0584,8.3123],"150":[10.3628,2.4922,2.5036,2.6151999999999997,2.5993,2.6242,2.5928,2.7014,2.4189,2.2251,2.1654999999999998,2.1809,2.2194,2.2382,2.4595,2.3056,2.3779,2.3007999999999997,2.5170999999999997,2.5902,2.7737,2.5871999999999997,2.8322,2.6658,2.5679,2.5901,3.0433,5.0874999999999995,3.397,2.7697,2.8164,3.1024,2.8322,2.8683,2.8647,11.1694,2.3832999999999998,2.5465,2.5688999999999997,2.538,2.7076,2.6233999999999997,2.5019,2.5905,2.6187,2.6507,2.8302,5.2744,2.955,2.5176],"76":[0.4971,0.5056999999999999,0.48579999999999995,0.5124,0.4886,0.502,0.527,0.5298999999999999,0.5277,0.6715,0.516,0.5587,0.5417,0.5263,0.5456,0.5452,0.5427,0.5257,0.5408999999999999,0.5616,0.5248999999999999,0.5425,0.5267,0.5456,0.5342,0.5448,0.5848,0.5277999999999999,0.5669,0.5706,0.5537,0.5429999999999999,0.5547,0.5527,0.5497,0.5408,0.5277,0.63,0.535,0.6033999999999999,0.5528,0.5779,0.6077,0.5459999999999999,0.6101,0.5744,0.5611999999999999,0.5565,0.5421,0.5756],