{"time":{"29":[2.3295,2.2601999999999998,2.2001,2.3508999999999998,2.4764999999999997,2.3421,2.3523,2.4261,2.3556999999999997,2.4198999999999997,2.4575,2.6424,2.2906,2.2153,2.2165,2.2784999999999997,2.3946,2.4177,5.9822,6.9925999999999995,4.9079999999999995,2.3857,2.4922999999999997,2.3958999999999997,2.4854,2.5774999999999997,2.5517,2.7655,2.5343999999999998,2.5210999999999997,2.5648999999999997,2.5452999999999997,8.8622,2.5233,2.5902,2.5258,2.5732,2.5401,2.751,2.5768999999999997,2.5505,2.6174,2.6363,2.5208999999999997,3.209,2.54,2.7018,2.5787,2.6753,2.6026],"58":[18.974999999999998,21.3123,28.576999999999998,18.2079,20.2503,23.394099999999998,30.415399999999998,17.8218,20.0884,23.1847,31.3202,20.337,21.3782,22.1628,31.118199999999998,19.4282,21.4588,26.5157,31.4756,22.1617,19.09,22.2605,21.9484,27.6296,18.4297,20.8848,24.192,27.153499999999998,18.4565,21.1104,23.7485,29.5508,18.736,21.8354,21.976399999999998,27.269199999999998,18.3707,21.0137,20.552799999999998,28.3541,18.5034,22.3736,24.6589,30.206599999999998,19.2807,19.8002,21.8628,27.5489,20.256999999999998,23.3449],"130":[271.5965,260.2537,257.2023,272.9482,250.38569999999999,245.0229,246.2858,250.4029,261.2437,270.53819999999996,250.1317,256.91069999999996,279.63779999999997,243.50959999999998,253.6456,245.54719999999998,250.84029999999998,250.45229999999998,255.0887,258.1457,254.94979999999998,248.7782,250.8798,250.8773,243.63799999999998,239.89999999999998,241.93429999999998,238.298,248.155,252.82649999999998,249.9588,253.10549999999998,257.4312,256.5277,253.1284,252.4971,254.82299999999998,253.153,250.00439999999998,232.04319999999998,245.8208,255.2225,245.6788,244.46159999999998,248.0657,249.4167,254.3408,249.65939999999998,244.4744,247.9614],"51":[13.5373,21.4762,20.0063,14.8448,13.375499999999999,12.625399999999999,13.791599999999999,18.3094,13.4436,17.0806,12.3874,12.7622,13.774799999999999,19.7914,14.495,12.475,13.6739,14.079699999999999,14.1085,21.0309,14.6975,14.893699999999999,18.249399999999998,11.9816,11.8963,17.482599999999998,12.0537,12.261099999999999,12.1573,11.9772,12.4042,17.9493,12.2799,11.7677,12.8141,12.053099999999999,11.777099999999999,17.2972,11.979,12.3048,12.7181,12.680299999999999,12.889999999999999,17.3526,12.0715,12.6517,12.729099999999999,12.963899999999999,12.8484,18.359299999999998],"42":[8.7457,17.5114,8.4864,7.5882,6.640899999999999,6.7787,6.6198,7.1765,7.5737,7.8262,7.7154,7.9613,12.4482,6.772399999999999,6.7082,6.8765,6.7405,7.3557,7.7005,6.6886,7.3161,7.496499999999999,12.331199999999999,6.7814,6.4287,6.527699999999999,6.776,6.6751,7.131799999999999,7.114599999999999,7.223999999999999,7.154999999999999,7.2745999999999995,11.694199999999999,6.879,6.7078,6.820399999999999,6.958399999999999,6.457999999999999,6.662,6.858,7.1227,6.9616,12.6884,7.2443,7.1609,6.5184999999999995,7.0225,7.5512999999999995,7.9261],"70":[36.5081,44.733399999999996,37.1903,45.7455,31.954099999999997,47.904399999999995,46.4229,63.547399999999996,49.1937,37.7725,47.341699999999996,36.9602,40.563199999999995,47.223,36.287,44.1624,34.588,47.033699999999996,33.455999999999996,38.774899999999995,46.437999999999995,44.525999999999996,50.245599999999996,38.174299999999995,50.217,32.3414,36.9107,42.383199999999995,35.3254,44.346599999999995,34.7875,45.7981,33.6832,39.7494,43.450399999999995,49.785999999999994,46.7695,36.2205,46.8624,32.0638,38.0191,85.01989999999999,52.147999999999996,46.857499999999995,34.4948,46.7922,33.1976,38.611399999999996,42.293099999999995,35.3395],"280":[3634.9013999999997,3674.5584999999996,3803.3325999999997,4091.7972,4868.4529,4106.5593,3673.4021,4507.831999999999,3640.6025,3717.6025999999997,3699.5687,3633.3655999999996,3666.3469,3771.1153,3466.9772,3363.615,3574.4966,3654.8219,3425.6648,3575.0083,3702.8174999999997,3556.1436999999996,3638.6780999999996,3398.2617,3677.8208999999997,3475.3106,3490.2686,3394.9921,3719.3268,3478.7075999999997,3770.9824,3457.3684,3371.6490999999996,3547.2358,3452.9935,3518.3988,3476.5575,3532.6841,3454.9427,3407.67,3427.2115,3456.3453999999997,3443.0326,3323.2216,3432.9613,3378.2612,3395.5897,3375.9372,3349.6807,3482.2059],"100":[130.88989999999998,115.5799,121.14789999999999,112.008,119.6498,120.9075,130.4408,121.71879999999999,112.16359999999999,116.51079999999999,122.9952,111.7991,114.3064,126.5855,123.8295,112.35879999999999,111.8256,122.466,124.67129999999999,127.7958,113.77,124.2598,122.5591,126.14689999999999,121.621,111.8506,119.0394,123.54429999999999,116.4403,134.3817,130.8433,131.2074,108.7517,129.3593,122.7199,119.1999,115.50569999999999,115.42269999999999,118.2885,127.9131,117.8789,117.9352,118.2914,133.18449999999999,123.57929999999999,118.1861,119.8193,129.08689999999999,112.8099,123.7135],"52":[14.393899999999999,16.662399999999998,20.594099999999997,13.145,14.0125,16.3491,15.862599999999999,22.8159,12.256499999999999,13.7029,15.6802,17.1947,17.3172,24.177599999999998,14.6983,15.200299999999999,17.5606,16.1387,23.249299999999998,13.2997,14.2493,15.687,16.8862,16.5032,21.8512,13.3689,14.276499999999999,16.5184,14.915799999999999,16.2031,22.3041,13.951099999999999,15.196499999999999,16.697499999999998,17.104499999999998,23.6402,12.8736,12.9361,13.4048,14.5481,15.271199999999999,21.333299999999998,13.3546,15.0952,15.0232,15.8652,24.2441,13.3944,13.6214,13.566699999999999],"16":[0.4816,0.4659,0.5802999999999999,0.6145999999999999,0.4527,0.44589999999999996,0.5786,0.4083,0.4482,0.41009999999999996,0.4582,0.4322,0.42379999999999995,0.40499999999999997,0.45749999999999996,0.4355,0.4667,0.46109999999999995,0.44329999999999997,0.4859,0.4395,0.4876,0.473,0.4687,0.4723,0.4658,0.4491,0.47969999999999996,0.472,0.476,0.46399999999999997,0.4649,0.4799,0.48929999999999996,0.4945,0.4649,0.8150999999999999,0.4895,0.5788,0.4533,0.5445,0.4622,0.4317,0.4289,0.45189999999999997,0.4448,0.44739999999999996,0.44649999999999995,0.4476,0.47959999999999997],"14":[0.2812,0.28209999999999996,0.2959,0.2807,0.2788,0.2966,0.2812,0.2825,0.28159999999999996,0.2955,0.2838,0.2833,0.3,0.2839,0.28359999999999996,0.30319999999999997,0.2854,0.29469999999999996,0.2808,0.29719999999999996,0.28159999999999996,0.29009999999999997,0.2989,0.2839,0.2855,0.2814,0.2984,0.2813,0.284,0.2978,0.2832,0.2852,0.2828,0.2985,0.2809,0.2818,0.3223,0.2813,0.3014,0.40309999999999996,0.2832,0.2833,0.2808,0.2983,0.2828,0.2827,0.29819999999999997,0.2865,0.2857,0.3104],"225":[1527.356,1504.895,1605.5851,1518.7168,1630.665,1572.2522,1556.6883,1562.7708,1501.7703,1524.9156,1494.6032,1644.8242,1573.6154,1582.3424,1470.3519,1470.8299,1496.4343999999999,1486.7749999999999,1564.3716,1628.1249,1524.0312,1481.8846999999998,1501.1026,1508.6127,1507.4603,1474.3149999999998,1476.2297999999998,1447.3629999999998,1470.2495,1463.878,1540.1056999999998,1519.0234,1533.0895,1544.8383,1515.2933,1565.3971,1475.8227,1479.009,1498.5919,1514.9370999999999,1577.8611999999998,1760.3662,1539.4592,1498.2948999999999,1505.9662999999998,1480.2976999999998,1467.4953,1450.9113,1458.547,1545.1581999999999],"96":[101.24369999999999,102.26639999999999,125.59859999999999,103.67689999999999,109.6189,112.0059,112.11059999999999,106.3342,123.5278,114.2444,104.15849999999999,110.7884,107.21759999999999,108.9238,115.99409999999999,102.7315,120.0676,101.967,111.41789999999999,103.158,99.2295,101.4032,105.03689999999999,112.7272,112.939,112.327,99.5672,109.50479999999999,103.14139999999999,112.72869999999999,104.99589999999999,105.3903,100.5218,101.577,100.0112,105.8103,107.9088,100.9044,100.18589999999999,101.969,108.98219999999999,99.7589,104.759,112.589,113.12129999999999,119.4262,111.95219999999999,98.4101,107.4978,105.89829999999999],