{"time":{"29":[0.2453,0.22999999999999998,0.2394,0.31689999999999996,0.23779999999999998,0.2311,0.249,0.2304,0.2568,0.2297,0.2309,0.28159999999999996,0.23429999999999998,0.2384,0.2296,0.2502,0.2289,0.23329999999999998,0.2304,0.24939999999999998,0.2309,0.235,0.23149999999999998,0.24769999999999998,0.2364,0.22999999999999998,0.2355,0.2471,0.2327,0.2299,0.24889999999999998,0.23029999999999998,0.2478,0.22899999999999998,0.23429999999999998,0.2331,0.2491,0.2314,0.2279,0.23479999999999998,0.2486,0.23829999999999998,0.2304,0.2362,0.3261,0.25279999999999997,0.23129999999999998,0.2352,0.24769999999999998,0.23399999999999999],"58":[1.5504,1.6199,1.5680999999999998,1.6036,1.5558999999999998,1.6361999999999999,1.7348,1.5693,1.661,1.7574999999999998,1.621,1.6715,1.7523,1.6401,1.674,1.7386,1.6259,1.6787999999999998,1.6942,2.2544999999999997,1.7111999999999998,10.7387,1.3605,1.6273,1.5227,1.5201,1.591,1.7251999999999998,1.6810999999999998,1.7417,1.7290999999999999,1.732,1.6888999999999998,1.9008999999999998,1.7676999999999998,1.7893,1.8079999999999998,1.7601,1.7547,1.7855999999999999,1.8155,1.8455,1.8477999999999999,1.7753999999999999,1.8199999999999998,1.9334,10.963899999999999,1.9387999999999999,1.551,1.4232],"130":[12.633199999999999,17.5607,12.277899999999999,21.8543,12.4666,13.363299999999999,20.8481,14.1269,19.7932,21.757099999999998,14.701099999999999,12.7531,19.9625,12.4333,13.2403,20.966099999999997,13.550799999999999,22.0843,13.4781,12.3195,19.7093,12.2087,12.2904,19.9651,12.7205,14.472299999999999,22.195999999999998,13.816099999999999,12.6124,20.3478,13.1002,22.3632,14.505099999999999,14.720699999999999,22.217399999999998,13.941099999999999,14.2196,21.744799999999998,12.7348,12.720699999999999,21.084899999999998,12.6853,12.5578,19.9028,12.783999999999999,20.0566,12.7472,12.783999999999999,20.843799999999998,13.180499999999999],"51":[1.0079,1.064,1.1149,1.0819999999999999,1.0974,1.1033,1.1061999999999999,1.1888999999999998,1.1135,1.1283999999999998,1.141,1.1501,1.0752,1.0836,1.1896,1.1326,1.1263999999999998,1.1157,1.1513,1.1309,1.1944,1.1494,1.1391,1.172,1.1827999999999999,1.1877,1.1902,1.1581,1.1751,1.1902,1.1856,8.522499999999999,0.8063,0.8423999999999999,0.9562999999999999,1.1079999999999999,1.1939,1.1351,1.1247,1.152,1.1687999999999998,1.1283999999999998,1.1379,1.1411,1.1726999999999999,1.1944,1.1643999999999999,1.1352,1.1357,1.2018],"42":[0.6581,0.6383,0.6854,0.7076,0.6612,9.8942,0.6023999999999999,0.4778,0.6239,0.6413,0.6589999999999999,0.6926,0.7188,0.688,0.7123999999999999,0.7238,0.7027,0.6987,0.7525,0.725,0.7133999999999999,0.7192,0.7376999999999999,0.7264999999999999,0.705,0.7323999999999999,0.7247,0.8478,0.7115,0.7878999999999999,0.7958999999999999,0.7544,0.7846,0.7621,0.8039,0.7593,0.7512,0.741,0.757,0.7574,0.7554,0.723,0.813,0.7421,0.8238,0.7761,0.7555,0.7767,0.8078,0.8723],"70":[2.2588999999999997,2.2834,2.5223,8.2585,2.3832,3.0610999999999997,2.5061999999999998,2.5517,2.5530999999999997,2.5730999999999997,2.5293,2.5667,2.7292,2.6563,2.6258,2.7721999999999998,2.7215,2.9480999999999997,10.9733,2.2708999999999997,2.6447,4.9731,4.2627999999999995,2.568,2.6834,2.9572,2.4879,2.5242,2.4436999999999998,2.3397,2.4764,2.4128,2.471,2.492,10.365599999999999,2.2816,2.4294,2.3971,2.3737999999999997,2.5187,2.4123,2.4428,2.4503,2.5473,2.4379999999999997,2.5234,2.5277,2.5791999999999997,2.4448,10.621599999999999],"280":[132.9648,126.7884,122.4957,123.5298,129.7239,133.364,141.2244,135.6693,127.03739999999999,124.41409999999999,119.774,120.7316,118.0773,143.7481,140.9332,130.6471,125.4768,129.57489999999999,128.8401,128.696,122.8878,118.015,133.18949999999998,125.0765,127.79119999999999,126.30839999999999,183.20399999999998,209.07999999999998,130.5052,124.7312,135.4459,267.5077,224.2621,152.1859,127.49499999999999,138.53289999999998,139.9837,136.11159999999998,134.5401,130.2025,174.5839,141.0117,130.2633,122.6947,125.9031,122.2833,122.0496,119.55489999999999,123.4678,118.2216],"100":[9.1928,6.3991999999999996,6.2094,6.2757,6.3454999999999995,13.725299999999999,8.9222,7.3948,6.253299999999999,6.4527,14.0817,5.7309,5.846,5.973999999999999,6.0085,6.0108999999999995,13.3749,5.7639,5.9821,5.8862,6.064,6.1613999999999995,13.6093,5.895499999999999,5.993399999999999,6.3988,6.7806999999999995,7.262099999999999,14.664399999999999,6.7867999999999995,6.8522,6.608,6.2168,6.7363,14.363199999999999,5.9605,5.904999999999999,6.0332,6.1056,15.0865,5.5164,6.2501999999999995,6.242999999999999,6.7837,6.999099999999999,14.616299999999999,5.703799999999999,6.242999999999999,6.1526,6.0748999999999995],"52":[10.1908,0.9314,1.0524,1.0273999999999999,1.0421,1.0482,1.0539,1.1208,1.0677999999999999,1.0402,1.0632,1.0633,1.0675,1.091,1.1156,1.0847,1.1251,1.3189,1.1105,1.1435,1.1772,1.1067,1.1095,1.1919,1.1512,1.1643,1.1434,1.1360999999999999,1.1626999999999998,1.1418,1.1777,1.1657,1.1904,1.2405,9.0212,1.0070999999999999,1.0493999999999999,1.1178,1.1608,1.1617,1.1092,1.1173,1.1269,1.1553,1.1745999999999999,1.2188999999999999,1.0701,1.056,1.0415999999999999,1.0386],"16":[0.0781,0.057499999999999996,0.059199999999999996,0.059199999999999996,0.0598,0.0581,0.0603,0.0576,0.0581,0.0586,0.059199999999999996,0.0815,0.060399999999999995,0.0579,0.055999999999999994,0.06,0.0583,0.058199999999999995,0.0615,0.059199999999999996,0.0744,0.0584,0.06659999999999999,0.061399999999999996,0.0572,0.058899999999999994,0.059,0.0764,0.0625,0.0603,0.058199999999999995,0.060599999999999994,0.06,0.06709999999999999,0.0591,0.059699999999999996,0.0829,0.059,0.060599999999999994,0.0625,0.0605,0.0613,0.061099999999999995,0.08209999999999999,0.0702,0.07379999999999999,0.0636,0.0602,0.0607,0.0613],"14":[0.0556,0.0417,0.0422,0.0419,0.0418,0.0433,0.0416,0.043699999999999996,0.043899999999999995,0.0426,0.0412,0.0409,0.0405,0.041999999999999996,0.040799999999999996,0.0428,0.0411,0.0406,0.0409,0.0584,0.0426,0.042699999999999995,0.0419,0.044,0.0433,0.043,0.041299999999999996,0.0419,0.0431,0.040799999999999996,0.0407,0.042699999999999995,0.0416,0.0404,0.0423,0.0404,0.0424,0.0414,0.0417,0.0428,0.0441,0.0407,0.1071,0.043699999999999996,0.043699999999999996,0.0409,0.040799999999999996,0.041499999999999995,0.056299999999999996,0.0411],"225":[70.7841,67.7631,69.3723,71.4637,66.121,66.6319,59.9293,73.0213,67.9294,64.3801,64.8618,65.98429999999999,59.548199999999994,62.3672,61.9647,64.50319999999999,58.004999999999995,62.6436,67.018,65.3025,62.554199999999994,64.688,66.3587,58.177099999999996,65.69669999999999,77.8239,62.3146,68.4961,80.8346,87.0461,60.038799999999995,66.57469999999999,74.4148,68.6112,69.64959999999999,69.3484,73.8399,66.7632,67.95779999999999,75.26039999999999,70.7969,66.3886,67.7468,65.14959999999999,69.2839,72.30669999999999,77.499,66.0643,72.204,68.9425],"96":[5.7223,6.1106,13.593599999999999,5.9561,6.1236,6.3304,5.608,5.813899999999999,6.0100999999999996,13.7045,5.973199999999999,6.0291999999999994,6.2467999999999995,6.247,6.2124,14.660699999999999,6.0013,6.1381,6.2067,6.2481,6.3126999999999995,14.7714,5.8754,6.0503,6.1678999999999995,6.2974,6.316599999999999,6.319999999999999,14.1101,6.138,6.1056,6.2955,6.336399999999999,6.329899999999999,13.9858,5.739999999999999,5.8442,5.5024,5.9303,5.9868999999999994,13.8865,5.794099999999999,5.5568,5.600099999999999,8.070599999999999,10.0183,6.1116,14.0732,5.4914,5.4985],"150":[22.1157,32.0773,26.022299999999998,31.5274,20.377599999999997,26.3963,19.363699999999998,26.2629,26.7167,19.8844,32.1455,24.761699999999998,29.9367,20.5934,29.629099999999998,19.6766,27.2148,21.1971,26.214599999999997,19.8961,27.871,29.8094,19.766099999999998,32.6842,21.5534,29.6831,21.0854,29.568199999999997,19.8407,28.5417,21.3123,29.2306,19.040599999999998,26.865299999999998,21.2471,28.7536,27.27,18.4526,27.6618,20.769199999999998,27.1417,18.7791,28.5718,20.674899999999997,33.628699999999995,20.6783,26.0735,19.8065,26.2888,19.0411],